,Frecuencia
pandemia,1451
refleja,1240
malo,1207
sentimientos,1107
tweet,1019
negativos,402
malos,395
situación,324
publicación,293
bueno,292
hacia,282
muestra,265
debido,235
coronavirus,232
personas,231
sentimiento,219
sugiere,200
gobierno,195
preocupación,184
habla,167
frustración,154
cómo,138
buenos,134
hecho,129
virus,121
autor,112
salud,109
noticia,101
positivos,100
expresa,99
efectos,93
actual,90
puede,90
falta,86
presidente,86
forma,83
indica,81
gente,80
negativo,79
hace,79
persona,78
sido,77
vacunas,74
gran,73
muchas,71
país,68
pesar,66
número,66
medidas,65
casos,65
problemas,65
además,64
aún,62
difícil,62
vacuna,62
tristeza,62
acerca,61
podría,60
haber,60
ser,59
parte,56
significa,55
covid,55
positivo,55
mundo,54
enfermedad,54
impacto,54
información,52
esperanza,51
vida,51
señala,51
crisis,51
menciona,50
tiempo,50
así,50
emergencia,49
años,48
aumento,46
siendo,46
causa,46
relación,45
actitud,45
uso,45
lugar,44
refiere,44
tener,43
muertes,42
referencia,42
nueva,42
incertidumbre,40
mundial,40
criticando,40
biden,39
cantidad,39
población,38
manera,38
respecto,38
dinero,38
mayor,38
desarrollo,38
negativa,38
gestión,37
si,36
fin,36
economía,36
esfuerzos,36
manejo,35
propagación,35
ahora,35
dos,34
fondos,34
unidos,34
temor,34
mil,34
mejor,34
ayudar,34
consecuencias,33
decepción,33
ansiedad,33
frase,33
usuario,32
ley,32
reflejando,32
tuit,32
todavía,31
mientras,31
representa,31
hacer,31
después,30
alto,30
demuestra,30
recursos,30
mismo,30
sugiriendo,30
sigue,30
políticos,29
genera,29
méxico,29
destaca,29
describe,29
dificultades,28
investigación,28
equipo,28
alguien,28
nuevo,28
decisión,28
frente,28
cosas,28
trabajo,27
mal,27
tono,27
tratamientos,27
acciones,27
vez,26
futuro,26
relacionados,26
necesidad,26
causado,26
india,26
millones,26
relacionada,26
acción,26
nuevas,26
comparación,26
medio,25
preocupante,25
presenta,25
aquellos,25
resultados,25
implica,25
positiva,25
crítica,25
mostrando,25
largo,24
riesgo,24
poder,24
apoyo,24
cuanto,24
pueden,24
guerra,24
indignación,24
enfrentando,23
nivel,23
administración,23
lidiar,23
dólares,23
revela,23
parece,23
medios,23
nacional,22
respeto,22
negativas,22
daños,22
control,22
países,22
año,22
acelerar,22
pérdida,22
tratar,22
restricciones,22
adelante,22
gobiernos,21
responsabilidad,21
ayuda,21
seguir,21
prevenir,21
prevención,21
momento,21
niños,21
vidas,21
ucrania,21
idea,21
plena,21
ciudadanos,20
mensaje,20
partido,20
pasado,20
incluyendo,20
muerte,20
controlar,20
afectado,20
podrían,20
oms,20
critica,20
público,20
evitar,20
ver,20
llevar,20
da,19
salir,19
trabajadores,19
trata,19
reflejan,19
sensación,19
realidad,19
resultado,19
tasa,19
nuevos,19
misma,19
posibilidad,19
plazo,19
reducción,18
bolsonaro,18
industria,18
económica,18
sector,18
venezuela,18
combatir,18
tomando,18
pública,18
semana,18
peor,18
enojo,18
iniciativa,18
afectando,18
proyecto,18
contagios,18
enfrentar,18
vacunación,18
haciendo,18
política,18
puesto,18
cada,17
seguridad,17
debe,17
bien,17
desconfianza,17
evidencia,17
real,17
inflación,17
periodo,17
hablando,17
hablar,17
tomar,17
cambio,17
mejorar,17
social,17
amenaza,17
lucha,17
transmite,17
traído,17
mucha,16
gravedad,16
volver,16
político,16
decisiones,16
protección,16
líderes,16
generar,16
menos,16
relacionadas,16
importantes,16
esfuerzo,16
posible,16
actividad,16
abordar,15
situaciones,15
importante,15
sociales,15
sanitaria,15
optimismo,15
recibir,15
trump,15
crear,15
plantea,15
inmunidad,15
aumentar,15
mascarillas,15
graves,15
sociedad,15
deberían,15
mortalidad,15
desarrollar,15
empleo,15
datos,15
desafíos,15
días,15
global,14
económico,14
provocado,14
familia,14
buena,14
tomado,14
consecuencia,14
responsables,14
mental,14
programa,14
reino,14
unido,14
aunque,14
expresando,14
poner,14
incluso,14
mejores,14
pacientes,14
descontento,14
pregunta,14
malestar,13
injusticia,13
noticias,13
importancia,13
ofrece,13
posibles,13
objetivo,13
dejado,13
señalando,13
tomadas,13
aquellas,13
debería,13
origen,13
triste,13
tras,13
demás,13
mantener,13
imagen,13
riesgos,13
cambios,13
tendencia,13
mayoría,13
normalidad,13
resentimiento,13
dando,13
laboral,13
beneficio,13
pasar,13
tan,13
visto,12
encontrar,12
hicieron,12
cifras,12
empresa,12
educación,12
corrupción,12
enfermedades,12
casa,12
destinados,12
afirmación,12
suficiente,12
empresas,12
respuesta,12
tratamiento,12
ciudad,12
crea,12
manejado,12
sentir,12
santa,12
acuerdo,12
miedo,12
entender,12
ninguna,12
autoridades,12
bienestar,12
recordando,12
sistema,12
recordatorio,12
cuarentena,12
billones,12
existe,12
motivo,12
intentar,12
embargo,12
estrés,12
provoca,12
infección,12
afectadas,12
clara,12
sino,12
sufriendo,12
grupos,11
considera,11
amor,11
laboratorio,11
indicando,11
deben,11
impotencia,11
sienten,11
ingresos,11
generado,11
precios,11
adecuadamente,11
insatisfacción,11
pruebas,11
oportunidad,11
llevado,11
solo,11
utilizado,11
cuenta,11
muestran,11
brasil,11
usar,11
italia,11
daño,11
inversión,11
experiencia,11
niveles,11
momentos,11
recuperación,11
alrededor,11
reducir,11
fútbol,11
china,11
españa,11
gratitud,11
desesperanza,11
superficies,11
altos,11
atención,11
firmó,11
enfatizando,11
desilusión,11
zelanda,11
responsable,11
reflejar,11
dice,11
consigo,11
pasando,10
obligatoria,10
dar,10
contagio,10
jesus,10
afectados,10
jorge,10
través,10
creado,10
deseo,10
desigualdad,10
grave,10
mujeres,10
estrategia,10
comunicación,10
presente,10
detener,10
perdido,10
soluciones,10
unión,10
crítico,10
desempleo,10
tratando,10
pues,10
perspectiva,10
propia,10
contexto,10
comentarios,10
privado,10
públicos,10
contiene,10
declaración,10
errónea,10
desesperación,10
generación,10
manipulación,10
brote,10
enfrentan,10
saliendo,10
políticas,10
recordar,10
experimentando,10
profunda,10
solidaridad,10
alcance,10
decir,10
natural,10
médicos,10
opiniones,10
contratos,10
propio,10
tiempos,10
dado,10
horas,10
meses,10
números,10
seres,10
palabras,10
lograr,10
alegría,10
leyes,10
causada,9
contenido,9
internacional,9
poniendo,9
agenda,9
llamado,9
york,9
compartir,9
partidos,9
libertad,9
contenta,9
trabajando,9
superar,9
incredulidad,9
práctica,9
económicas,9
llegar,9
afrontar,9
enfatiza,9
edad,9
progreso,9
expertos,9
mercado,9
últimos,9
buen,9
víctimas,9
estudiantes,9
derechos,9
detrás,9
efecto,9
encontrado,9
angustia,9
agradecimiento,9
historia,9
sucediendo,9
aceptación,9
problema,9
rusia,9
relacionado,9
avance,9
gastos,9
condiciones,9
explica,9
alude,9
humanidad,9
resulta,9
realizado,9
común,9
comisión,9
alivio,8
armas,8
recibiendo,8
quieren,8
grandes,8
movimiento,8
científica,8
prácticas,8
región,8
firmado,8
publicó,8
organización,8
varios,8
pensamiento,8
impuestas,8
ello,8
marzo,8
puedan,8
mostrar,8
única,8
difíciles,8
comienzo,8
claro,8
significativo,8
colombia,8
cometido,8
asociados,8
confirma,8
grande,8
usando,8
denuncia,8
provocó,8
variantes,8
verdad,8
preguntas,8
fines,8
presidencia,8
siempre,8
animales,8
proteger,8
apoyar,8
cabo,8
capaz,8
insinuando,8
orgullo,8
recuerda,8
vacunarse,8
tomó,8
dificultad,8
cree,8
luchar,8
monoclonales,8
general,8
prensa,8
logrado,8
significativamente,8
raíz,8
aumenta,8
causados,8
inquietud,8
financiera,8
obtener,8
aprovechando,8
defensa,8
migrantes,8
exterior,8
transmisión,8
devastadores,8
jugador,8
felicidad,8
científicos,8
conocimiento,8
línea,8
hashtag,8
tema,8
jugadores,8
profesionales,8
implementadas,8
necesarias,7
luego,7
directamente,7
necesidades,7
pudo,7
gasto,7
desfavorable,7
producción,7
informa,7
específicamente,7
contacto,7
compromiso,7
reacción,7
australia,7
resiliencia,7
meloni,7
mala,7
caída,7
ayudado,7
peligros,7
confianza,7
relata,7
gubernamentales,7
disponible,7
salvar,7
áreas,7
madre,7
disminución,7
cobertura,7
liderazgo,7
suficientes,7
fuerza,7
caso,7
próxima,7
grupo,7
duración,7
españoles,7
servicios,7
pueblo,7
comunidad,7
investigadores,7
significar,7
valor,7
frustrado,7
espera,7
gobernador,7
disfrutar,7
ciencia,7
mejora,7
mantenerse,7
actos,7
enfoque,7
económicos,7
recientes,7
nostalgia,7
anterior,7
impide,7
habitantes,7
viviendo,7
cambiar,7
cuidado,7
recibido,7
gripe,7
reciben,7
serio,7
mascarilla,7
pronto,7
europea,7
solución,7
dios,7
humanos,7
mencionar,7
éxito,6
mrna,6
banca,6
van,6
universidad,6
sanitarias,6
causar,6
reconocer,6
plan,6
aprovechar,6
delincuencia,6
empleadores,6
financiero,6
conte,6
devastador,6
ánimo,6
medida,6
nuevamente,6
cáncer,6
manejando,6
empeorando,6
curar,6
extensión,6
última,6
síntomas,6
unidad,6
queridos,6
seguidores,6
hacen,6
medicina,6
equipos,6
primer,6
experimentado,6
miembros,6
destacar,6
vivido,6
flamengo,6
formas,6
existencia,6
comenta,6
enfado,6
promover,6
luz,6
familiares,6
personales,6
engañar,6
primera,6
superior,6
preocupantes,6
contener,6
insinúa,6
sugerir,6
empleos,6
terminado,6
gates,6
críticas,6
futuras,6
culpa,6
chile,6
astrazeneca,6
fanáticos,6
caos,6
según,6
peligroso,6
alcanzado,6
buenas,6
positivas,6
lejos,6
acusa,6
principales,6
acceso,6
fuerte,6
imss,6
influenza,6
expresión,6
decesos,6
programas,6
televisión,6
reflejo,6
señalar,6
hizo,6
mayores,6
tecnología,6
bajo,6
encuentra,6
robo,6
ganar,6
australianos,6
posterior,6
todas,6
aprovechado,6
frases,6
influencia,6
ausencia,6
casi,6
dicho,6
conclusión,6
vigor,6
considerar,6
eliminar,6
entrenador,6
emocional,6
éxitos,6
celebrar,6
pasos,6
prueba,6
logro,6
retrata,6
actualmente,6
dominado,6
resolución,6
financieros,6
alta,6
airbus,6
explicar,6
costo,6
epidemia,6
vivir,6
agotamiento,6
incremento,6
contribuido,6
especialmente,6
emociones,6
esperar,6
inmediata,6
realizan,6
miles,6
usuarios,6
estadounidenses,6
hospitales,6
aislamiento,6
feliz,6
cansancio,6
temas,6
función,6
disminuido,6
adultos,6
pese,6
coincidencia,6
disminuir,6
compara,6
afirmar,6
inmunes,6
medicamentos,6
adecuada,6
incapacidad,6
provocando,6
emoji,6
final,6
dolor,6
cuidar,6
vergüenza,6
burla,5
muertos,5
descubrir,5
detección,5
prolongar,5
delhi,5
ocultar,5
libre,5
ideas,5
capacidad,5
transparencia,5
siguen,5
articulistas,5
ministro,5
republicanos,5
sarcasmo,5
percepción,5
preparación,5
obra,5
hospitalizaciones,5
cifra,5
oficiales,5
explicación,5
enfrenta,5
sufrir,5
dada,5
comportamiento,5
aspectos,5
desarrolle,5
tragedia,5
estabilidad,5
secundarios,5
crecimiento,5
eficaces,5
ve,5
alcanzando,5
cambiado,5
transporte,5
alemania,5
elogia,5
peligro,5
manifiesta,5
haberse,5
infectadas,5
busca,5
inseguridad,5
impulsar,5
suspensión,5
etc,5
joe,5
pueda,5
humana,5
desastrosos,5
hacerse,5
diferente,5
frenar,5
conocer,5
experimentar,5
trae,5
posiblemente,5
estudios,5
viven,5
estudio,5
vencer,5
realizadas,5
afirmando,5
anuncia,5
lanzamiento,5
errores,5
fallecimientos,5
afectada,5
física,5
existen,5
trágica,5
adaptarse,5
ocurrió,5
cara,5
acusando,5
vulnerables,5
limitando,5
claramente,5
actuar,5
venir,5
controlado,5
terminar,5
ocurrido,5
labor,5
preocuparse,5
motivación,5
surgido,5
principio,5
síndrome,5
compartido,5
familias,5
eventos,5
sufrido,5
efectivo,5
nunca,5
causas,5
consejo,5
contaminadas,5
veces,5
disponibles,5
ven,5
mes,5
atender,5
llegada,5
salvador,5
sanidad,5
diferentes,5
ganancias,5
federal,5
celebra,5
ilustra,5
espacios,5
saber,5
llevó,5
intención,5
trato,5
anticuerpos,5
generando,5
oportunidades,5
reconoce,5
podido,5
extraña,5
personal,5
período,5
optimista,5
bill,5
tribunal,5
propuesta,5
bbc,5
constantes,5
existentes,5
sectores,5
controlarla,5
amigos,5
negocios,5
creciendo,5
adecuadas,5
contrario,5
significativa,5
logró,5
asociadas,5
supuestamente,5
esperando,5
vuelto,5
sueldos,4
líder,4
farsa,4
lenguaje,4
hermano,4
cobrar,4
tweets,4
alguna,4
donald,4
vacunadas,4
llegado,4
asegurar,4
robado,4
severa,4
contribuir,4
clase,4
proceso,4
probar,4
estudiar,4
expone,4
destinando,4
saab,4
siga,4
espinoza,4
tuite,4
confirmados,4
cuentas,4
proveer,4
informando,4
jefe,4
enfrentado,4
macri,4
acabará,4
covovax,4
pandemias,4
cierre,4
causando,4
inestabilidad,4
variante,4
biológica,4
adquirida,4
recortes,4
imposible,4
expresan,4
normal,4
sombría,4
tres,4
antiguo,4
propaganda,4
protegernos,4
rápidamente,4
urgentes,4
destinado,4
pib,4
ocurriendo,4
estilo,4
empatía,4
estragos,4
títere,4
aprecia,4
despectivo,4
perdurables,4
células,4
teóricos,4
generados,4
preguntan,4
fracaso,4
expresado,4
evento,4
artista,4
hídrica,4
izquierda,4
mediática,4
científico,4
órganos,4
pidiendo,4
policía,4
comparte,4
elogiando,4
enfocándose,4
pandémico,4
lanzando,4
descuido,4
aplicación,4
actuales,4
béisbol,4
fauci,4
guerras,4
mídia,4
correcta,4
gobernadores,4
mencionados,4
cierta,4
locales,4
manuel,4
permitir,4
película,4
retrocedido,4
cuales,4
realmente,4
impone,4
wuhan,4
propagando,4
cmo,4
lópez,4
obrador,4
capaces,4
formación,4
científicas,4
mención,4
próximos,4
delincuentes,4
detectives,4
implementar,4
defender,4
compuesto,4
reportados,4
madrid,4
distrito,4
desviando,4
sobredosis,4
laboratorios,4
análisis,4
contienen,4
sintió,4
condición,4
comunidades,4
bloqueo,4
republicano,4
desafortunada,4
trabajar,4
sucedido,4
murió,4
presentando,4
desfavorables,4
falsa,4
bassetti,4
trabajos,4
hipocresía,4
precio,4
denota,4
sequía,4
inquietante,4
donar,4
suspendió,4
calidad,4
desacreditar,4
feminismo,4
firme,4
brasileños,4
regresar,4
otan,4
complicada,4
bruselas,4
deuda,4
histeria,4
resultar,4
ventiladores,4
productos,4
trabajador,4
futura,4
aeropuerto,4
ancianos,4
enseñanza,4
pudieron,4
autopsias,4
comprender,4
desacuerdo,4
duro,4
causará,4
italiano,4
promueve,4
aumentos,4
vizcarra,4
comenzó,4
escuela,4
conexión,4
mandato,4
dejaron,4
niñas,4
época,4
adversidad,4
tensión,4
ambos,4
básicamente,4
dirección,4
resto,4
mexicanos,4
curso,4
liga,4
efectiva,4
juego,4
adversos,4
cometidos,4
hincapié,4
aficionados,4
conocidos,4
juntos,4
mitad,4
prolongación,4
enfoca,4
asistir,4
casas,4
fundación,4
ue,4
fondo,4
justa,4
potencialmente,4
monetario,4
insuficiente,4
pueblos,4
dejar,4
hacía,4
promovió,4
reclama,4
giorgia,4
preventivas,4
infantil,4
señal,4
peores,4
declaraciones,4
emitiendo,4
tecnológico,4
reflexión,4
cargo,4
creciente,4
malas,4
entidades,4
registrado,4
décadas,4
puso,4
brasileño,4
panamá,4
próstata,4
atrás,4
desarrollado,4
of,4
excluidas,4
realizados,4
profesor,4
ciudades,4
destinar,4
incluyen,4
expansión,4
justicia,4
estudiando,4
técnica,4
letal,4
asi,4
desempeño,4
serie,4
favorito,4
camboya,4
salida,4
requisitos,4
nadie,4
yatra,4
aumentando,4
congreso,4
desastre,4
inteligente,4
impuesto,4
suspendida,4
incluye,4
culpan,4
aprobar,4
impedir,4
malaria,4
desarrollada,4
deshonestos,4
morales,4
exitoso,4
cadetes,4
mutará,4
éste,4
discurso,4
olvidado,4
único,4
disciplinario,4
justificación,4
anteriores,4
alimentos,4
varias,4
personajes,4
pesos,4
sucedieron,4
mediante,4
establecidas,4
potencial,4
autora,4
lleva,4
intereses,4
desesperada,4
personaje,4
conseguido,4
ciertas,4
argentina,4
conlleva,4
recibe,4
baja,4
inutilidad,4
ejemplo,4
lleno,4
demasiado,4
surge,4
buscar,4
etapa,4
robar,4
planes,4
perdidas,4
avances,4
temprana,4
afirma,4
útil,4
pedir,4
depresión,4
fortaleza,4
pobreza,4
ocultación,4
ocasionadas,4
constantemente,4
tráfico,4
hogar,4
jóvenes,4
salario,4
aprobación,4
pensamientos,4
conseguir,4
reuniones,4
impactante,4
sucedió,4
precaución,4
promoviendo,4
liberticida,4
opinión,4
cuestiona,4
extendido,4
masiva,4
proporciona,4
muerto,4
económicamente,4
reservas,4
nacionales,4
realista,4
inmune,4
doble,4
riqueza,4
compañía,4
indicar,4
precauciones,4
paso,4
fatiga,4
creer,4
indefinidos,4
nación,4
italianos,4
deriva,4
realizar,4
retos,4
prioridades,4
contentas,4
sufrimiento,4
irrealista,3
descubierto,3
provocada,3
sabe,3
porqué,3
adicionales,3
privatizar,3
usa,3
eficiente,3
imponer,3
sentimentos,3
recuperando,3
blanca,3
correctamente,3
va,3
emocionalmente,3
gobernantes,3
contribuye,3
cosa,3
venido,3
duramente,3
pagar,3
nombre,3
colaborar,3
contraer,3
cura,3
toda,3
establecido,3
desalentadora,3
demostrado,3
pronta,3
pone,3
perdida,3
inaceptable,3
segura,3
vuelta,3
sospecha,3
principios,3
relaciona,3
creación,3
máximo,3
divertida,3
enfrentamos,3
recibida,3
respondido,3
investigar,3
niño,3
enfrentó,3
confirmado,3
bondad,3
ir,3
alentador,3
operación,3
incumplimiento,3
deja,3
completamente,3
traer,3
sugieren,3
noble,3
adquirir,3
señor,3
estadísticas,3
proporcionar,3
participar,3
decepcionante,3
palabra,3
salga,3
marca,3
reconocimiento,3
aprendizajes,3
utilizando,3
detectados,3
autoridad,3
protegerse,3
obligado,3
molesto,3
determinación,3
terapias,3
globo,3
culpar,3
pensar,3
registrada,3
esperanzadora,3
empeorar,3
uci,3
rutina,3
distancia,3
pasados,3
seguras,3
permitido,3
shein,3
fuente,3
perú,3
naturaleza,3
intentaron,3
espíritu,3
felices,3
negligencia,3
enfermarse,3
temperatura,3
seguro,3
generosidad,3
precedentes,3
turismo,3
residentes,3
figura,3
físico,3
manifestación,3
escepticismo,3
costos,3
acto,3
exprime,3
enfocado,3
aprendido,3
tradicionales,3
trataron,3
alerta,3
complicaciones,3
enfocada,3
emoción,3
imposibilidad,3
infectados,3
escalada,3
sobrevivir,3
cometer,3
judicial,3
visión,3
evaluar,3
planeta,3
pérdidas,3
efectivas,3
entorno,3
directa,3
termine,3
respuestas,3
urgente,3
activa,3
peligrosa,3
aprovecharon,3
catastrófica,3
postura,3
ocasionado,3
desalentadores,3
alumnos,3
redes,3
finales,3
gracias,3
dosis,3
presupuesto,3
empresarios,3
activos,3
molestia,3
pasajeros,3
aislado,3
reglas,3
tratado,3
contribución,3
teorías,3
escribió,3
modo,3
condena,3
agravando,3
inicio,3
segundo,3
quedarse,3
compensar,3
enorme,3
vih,3
menor,3
contagiados,3
volvió,3
llevaron,3
nocivos,3
protocolos,3
cumplir,3
ofrecer,3
descuidando,3
manejar,3
costa,3
dio,3
permite,3
limitado,3
hito,3
ciertos,3
directo,3
términos,3
restringido,3
resistencia,3
evadir,3
larga,3
amenazando,3
junto,3
siguientes,3
infecciones,3
ambiente,3
día,3
exponer,3
resistir,3
dirigentes,3
empezara,3
oración,3
mexicana,3
logrando,3
hora,3
paz,3
volviendo,3
tales,3
necesita,3
camión,3
limitar,3
favor,3
conciencia,3
relativamente,3
supervivencia,3
excelente,3
partes,3
ola,3
asocia,3
adecuado,3
deliberadamente,3
últimas,3
rio,3
obras,3
delante,3
epidemias,3
impidió,3
david,3
afecta,3
vaca,3
gestionar,3
nota,3
evolución,3
problemática,3
desalentador,3
involucrados,3
fiscal,3
adoptadas,3
tolerancia,3
índice,3
continúan,3
civiles,3
desinformación,3
humor,3
considerado,3
hogares,3
empleados,3
descripción,3
orina,3
victoria,3
puerto,3
artículo,3
forzado,3
economías,3
mejoren,3
reciente,3
resignación,3
termina,3
inapropiado,3
impactos,3
suficientemente,3
divertido,3
agravado,3
severidad,3
máscaras,3
sostenible,3
eficaz,3
equilibrar,3
enlace,3
demanda,3
luchas,3
refiriendo,3
encontrará,3
enfermeras,3
ningún,3
extender,3
satisfacción,3
socios,3
bebé,3
crosby,3
carga,3
espero,2
destacando,2
resistentes,2
cancelar,2
comprometido,2
inyecciones,2
introducido,2
establecida,2
alza,2
encerrados,2
formalmente,2
esperada,2
prolongada,2
persistencia,2
menú,2
huésped,2
lapso,2
propaguen,2
habilidades,2
limitaciones,2
establecidos,2
mandatos,2
deteriorada,2
inexcusables,2
fantástica,2
deseado,2
declarado,2
prejuicio,2
previo,2
melinda,2
foro,2
radicales,2
elevada,2
libres,2
diseñado,2
ros,2
cascadas,2
corregir,2
señalización,2
nasales,2
base,2
racial,2
estereotipo,2
ofensiva,2
discriminatoria,2
erradicación,2
ambición,2
lanzado,2
potenciales,2
mutación,2
brad,2
ocurren,2
malvados,2
exijan,2
planeado,2
pensando,2
lado,2
esconder,2
intentado,2
reporte,2
suben,2
samborondo,2
guayaquil,2
tristemente,2
conversación,2
atmósfera,2
dirigidos,2
irrespetuoso,2
incendiario,2
legislaturas,2
inequívocamente,2
jay,2
inslee,2
asume,2
controladas,2
primero,2
delictivas,2
indiscriminado,2
terminará,2
clínicas,2
gastaba,2
conocido,2
alimentarse,2
dispone,2
frentes,2
evitables,2
cargado,2
ponen,2
implementando,2
little,2
igual,2
regreso,2
encontrada,2
anual,2
resfriado,2
alergias,2
respaldada,2
prohibiendo,2
amargura,2
inmediatamente,2
recibía,2
hecha,2
regalos,2
comprando,2
simuló,2
simulación,2
promete,2
universales,2
anuncios,2
produciendo,2
mueren,2
matarifes,2
nacen,2
narración,2
añade,2
darpa,2
inacción,2
componente,2
limitantes,2
gravemente,2
olvidar,2
evidencian,2
furia,2
presentadora,2
elementos,2
kits,2
columbia,2
afronta,2
opiaceos,2
elemento,2
demandando,2
suero,2
balance,2
nature,2
embarazada,2
encontró,2
uwhealth,2
limitan,2
cdcgov,2
decidido,2
actividades,2
enfocados,2
distanciamiento,2
finalizando,2
diferencia,2
resfriados,2
cotidianas,2
rechazar,2
oxford,2
hipótesis,2
inmunodeficiencia,2
sida,2
cerebrales,2
fuga,2
ghana,2
venderse,2
apoyan,2
ut,2
msnbc,2
inmunitarios,2
gigante,2
asociada,2
dañinos,2
defectuoso,2
extendiendo,2
verdades,2
incluido,2
trataban,2
conspiración,2
cerebral,2
financiado,2
wuhand,2
funciones,2
abrumador,2
escapado,2
podía,2
sospechaban,2
patrocinados,2
blanco,2
detectar,2
respiratorias,2
subestimado,2
neuronal,2
campaña,2
preparativos,2
permanecer,2
matándolos,2
producto,2
escuchar,2
título,2
orden,2
príncipe,2
carlos,2
contactos,2
afectarnos,2
mutante,2
plutocracia,2
progresando,2
presentarse,2
muta,2
fase,2
anuncio,2
endémica,2
vuelvan,2
agricultores,2
abusar,2
gusto,2
abra,2
sur,2
farmacéutico,2
exitosamente,2
exigiendo,2
frontera,2
times,2
latinoamérica,2
new,2
bajar,2
aprender,2
anunciando,2
clases,2
ésta,2
reportó,2
perplejos,2
verle,2
lidiando,2
jair,2
ex,2
básicas,2
daría,2
bendición,2
boric,2
mortífera,2
estep,2
galeão,2
transmitiendo,2
dumont,2
santos,2
flujo,2
pascua,2
ironía,2
usan,2
autores,2
inundación,2
gabriel,2
pancho,2
creativo,2
bebés,2
ofreciendo,2
zonas,2
cerrar,2
muestan,2
detalles,2
negado,2
mrn,2
cuerpos,2
innovación,2
privadas,2
consideración,2
escuelas,2
expresar,2
orrego,2
vascular,2
boicoteado,2
estallado,2
mãe,2
salvo,2
complacencia,2
creía,2
entusiasmo,2
paris,2
mañalich,2
felicitando,2
acabaron,2
compasión,2
divertirse,2
corresponde,2
curitiba,2
circunstancia,2
pico,2
encontraba,2
servicio,2
pesimista,2
sumamente,2
tomara,2
indeseables,2
lograron,2
logros,2
directores,2
negacionistas,2
violencia,2
ómnibus,2
tipo,2
honrar,2
explicada,2
adebayor,2
martins,2
moreno,2
marcelo,2
aprovechan,2
reencuentro,2
vacaciones,2
viajes,2
pantallas,2
causó,2
conllevando,2
sirvió,2
luchando,2
álbums,2
vestirse,2
petro,2
gustavo,2
específico,2
desfavorecidos,2
necesitados,2
planteadas,2
asustar,2
manipular,2
mentir,2
podamos,2
actualización,2
involucrada,2
derivada,2
esperanzador,2
sobrestimada,2
realización,2
produzcan,2
prevé,2
ciudadanía,2
primaria,2
uribismo,2
desespero,2
arreglar,2
quedó,2
rojas,2
aumentado,2
hijos,2
amplia,2
tela,2
rendición,2
faltado,2
indebida,2
organismos,2
finaliza,2
venezolano,2
bioseguridad,2
informativos,2
plagando,2
desprecia,2
variedad,2
comprenden,2
honestidad,2
encontramos,2
caba,2
quita,2
gerardo,2
negativla,2
premio,2
compartieron,2
terapia,2
sesión,2
guardado,2
amigo,2
preocupada,2
juicio,2
existan,2
dalai,2
manifiesto,2
estatus,2
género,2
entiende,2
discriminar,2
destruidas,2
deficiencias,2
disfuncionales,2
presentandose,2
enfatizar,2
interfrentamiento,2
ejecutivas,2
domésticos,2
estan,2
entusiastas,2
participan,2
enojada,2
intacta,2
relevancia,2
mejoras,2
desafiando,2
considerando,2
retadas,2
disturbadora,2
intencionalidades,2
militar,2
equipamiento,2
compartió,2
simples,2
gráfica,2
votar,2
punto,2
obligatorio,2
internacionales,2
comportándose,2
descortés,2
bajos,2
yanomamis,2
extermindio,2
seguramente,2
burlarse,2
negar,2
golpe,2
electores,2
avión,2
hará,2
ventilación,2
joyas,2
liderados,2
usado,2
ilegal,2
beneficiado,2
religiosa,2
vigilancia,2
celebración,2
colombiana,2
insignificante,2
entero,2
estrelló,2
lama,2
contenerla,2
fecha,2
eficacia,2
señalamientos,2
creyeron,2
mismas,2
comunes,2
instrucciones,2
decidieron,2
mecanismo,2
onu,2
enfocando,2
viajeros,2
aboga,2
concluido,2
trágico,2
aterrador,2
sometido,2
occidentales,2
estimulante,2
publicaciones,2
utilizada,2
interés,2
dedicaron,2
relevante,2
ignorando,2
oposición,2
agencias,2
princesa,2
pequeñas,2
amenazas,2
tories,2
escocés,2
lanza,2
desestima,2
australiano,2
diez,2
perturbador,2
estatales,2
causadas,2
colegios,2
equitativamente,2
distribuyendo,2
préstamos,2
ira,2
conocemos,2
oscuro,2
alusión,2
naciones,2
bendecida,2
guiada,2
fervor,2
rezar,2
llamamos,2
saponina,2
basados,2
adjuvantes,2
expandiendo,2
negación,2
autorización,2
firmas,2
guarden,2
ocurridos,2
vietnam,2
resultaron,2
numerosos,2
mencionan,2
fallecidos,2
inadecuado,2
kenyatta,2
uhuru,2
centros,2
kenia,2
protejan,2
tendencias,2
cognición,2
resurgimiento,2
reflecta,2
inmunizador,2
covaxin,2
covishield,2
cowin,2
donantes,2
intercambio,2
conservador,2
donado,2
particulares,2
despreciables,2
flu,2
ee,2
verdadera,2
ayudará,2
raíles,2
caído,2
ciega,2
cercanía,2
protegió,2
ferrocarriles,2
empleado,2
ámbito,2
determinado,2
resultó,2
aprovecharse,2
aproximadamente,2
intentos,2
génicas,2
invierno,2
encierro,2
ivermectina,2
bloqueó,2
severo,2
volverá,2
tiroides,2
prediciendo,2
tiroiditis,2
hashimoto,2
territorio,2
raciales,2
recuerdan,2
morrison,2
dejando,2
kushner,2
informaron,2
uu,2
actuaron,2
celebran,2
ensayo,2
magnitud,2
departamento,2
contundente,2
ingresadas,2
informar,2
afirmaciones,2
exagerar,2
acusándolos,2
traduce,2
creyendo,2
conspirativos,2
empeorará,2
corrupto,2
supervisión,2
correctas,2
etiquetados,2
federales,2
jersey,2
circunstancias,2
baric,2
podían,2
demócratas,2
desgarrador,2
presencia,2
legisladores,2
beneficioso,2
tarde,2
recíprocas,2
acusaciones,2
chino,2
enfrentamiento,2
tocan,2
vigilantes,2
continúe,2
negocio,2
solucionar,2
ingresar,2
ganándolo,2
pasaportes,2
llamados,2
prohibe,2
honesta,2
exigir,2
idaho,2
reflejado,2
desconocidos,2
conteo,2
aceptadas,2
ampliamente,2
arrojando,2
convencionales,2
desafiado,2
usaban,2
oportuna,2
existían,2
buscarse,2
contribuyente,2
explotando,2
politizando,2
acusatorio,2
enfadado,2
signfica,2
transmitir,2
contagiada,2
superficie,2
startimiento,2
padecido,2
ninguno,2
difundiendo,2
inmunización,2
pusieron,2
preparando,2
dudas,2
reclamaciones,2
derecho,2
continúa,2
calavera,2
feed,2
versión,2
precisa,2
actualizada,2
reembolso,2
completo,2
financiando,2
necesitan,2
basura,2
negatividad,2
retrasar,2
española,2
amistades,2
intendando,2
acabó,2
quién,2
ocurrirá,2
agosto,2
fundó,2
aumentaron,2
liberó,2
cuestione,2
debajo,2
fabricación,2
perturbadora,2
intencionalmente,2
dañados,2
quedarán,2
propagar,2
presos,2
períodica,2
exámenes,2
cambió,2
remite,2
rapt,2
diario,2
rebaño,2
concerniente,2
afrontando,2
repaso,2
combate,2
abundantes,2
empática,2
inseguros,2
normas,2
jugar,2
únicos,2
sucedidas,2
sano,2
jugando,2
audio,2
um,2
decretado,2
adjunto,2
bang,2
ajenos,2
enfocarse,2
intentándolo,2
seguían,2
sabían,2
oficial,2
repunte,2
responsabilidades,2
arma,2
temerosas,2
sentirse,2
big,2
división,2
color,2
discriminación,2
distribución,2
desagradable,2
distorsionada,2
eugenesia,2
predican,2
colaboración,2
subreddits,2
habilidad,2
generaron,2
aprecian,2
étnicos,2
fantásticas,2
necesitamos,2
desinfección,2
abril,2
probabilidad,2
observan,2
burros,2
preocupan,2
leones,2
anunció,2
anunciado,2
afectan,2
soberanía,2
saludables,2
comprobar,2
supone,2
desafío,2
documental,2
derecha,2
repentinas,2
toma,2
aceptar,2
reflejada,2
engañando,2
disfunción,2
carbono,2
dióxido,2
liberación,2
oxígeno,2
absorción,2
interferir,2
proactiva,2
serias,2
dermatologia,2
temores,2
oficina,2
ocho,2
reflexiona,2
apertura,2
prejuicios,2
feminazis,2
trayendo,2
again,2
trending,2
etiquetas,2
seguido,2
denominado,2
segunda,2
pieza,2
racistas,2
desarrollarse,2
acabado,2
produce,2
emitir,2
error,2
prolongado,2
boca,2
lockdown,2
tendido,2
formulaciones,2
centrado,2
afectaría,2
pánico,2
educar,2
súbitas,2
episodio,2
conocimientos,2
varones,2
miocarditis,2
protege,2
margarita,2
escolares,2
impuestos,2
inefectiva,2
malgastado,2
interceder,2
conmovedor,2
cinco,2
usada,2
evoluciónista,2
enmedio,2
motivada,2
visualizar,2
transmitido,2
simulara,2
ofensivo,2
usados,2
motivado,2
nih,2
uab,2
remdesivir,2
birmingham,2
alabama,2
financiada,2
financiamiento,2
etiqueta,2
aumentarán,2
propios,2
comunica,2
sólidamente,2
alentadoras,2
devastadora,2
golpeó,2
malgastar,2
euros,2
proyectos,2
abusan,2
privilegios,2
avanzar,2
mintiendo,2
objetivos,2
inmunodeprimidas,2
cines,2
estrene,2
demuestran,2
rider,2
kamen,2
shin,2
exponiendo,2
optado,2
rabia,2
hepáticos,2
recuperó,2
recibió,2
periodos,2
listo,2
extensos,2
neumonía,2
desaire,2
fractura,2
beaver,2
herramientas,2
escape,2
provenga,2
aluden,2
trastorno,2
controlarse,2
bromas,2
insensible,2
sugieran,2
ignorar,2
promocionando,2
llego,2
actituides,2
huffman,2
steve,2
senador,2
pakistan,2
clasificar,2
admira,2
hepática,2
ik,2
imponiendo,2
seguirán,2
inicial,2
dónde,2
permitirán,2
explicado,2
fromo,2
desestimado,2
conclusiones,2
precedente,2
diciembre,2
disease,2
identificada,2
comenzado,2
atravesando,2
olvidadas,2
mataderos,2
implementada,2
deliberada,2
compartirla,2
extenderse,2
czar,2
excesiva,2
término,2
psicológica,2
recolectando,2
sigan,2
hacerla,2
definitivamente,2
depender,2
hospitalización,2
minimiza,2
indefinidamente,2
prepare,2
hugo,2
pide,2
trabajemos,2
culturales,2
religiosas,2
diferencias,2
importa,2
escocia,2
bipartidista,2
alentando,2
dudar,2
contribuirían,2
prolongados,2
fantasías,2
impulso,2
tomarse,2
ponerse,2
omitiendo,2
presume,2
degree,2
university,2
cambridge,2
effect,2
académica,2
adecuados,2
desaparecerá,2
gemelo,2
especie,2
controlados,2
recordarles,2
desdén,2
intenta,2
brsv,2
bvdv,2
arn,2
vivas,2
visita,2
modificadas,2
ganadera,2
exteriores,2
u,2
realizaran,2
masacres,2
armadas,2
luan,2
vendidos,2
laborales,2
arrocero,2
productivo,2
conspirativas,2
profundo,2
pospandémicas,2
tuitero,2
acostumbrados,2
desegerador,2
emite,2
pura,2
critican,2
ululando,2
manejos,2
remuneración,2
mejorando,2
total,2
preso,2
martin,2
abordado,2
paradigma,2
educan,2
educativo,2
bruno,2
moviendo,2
niegan,2
descriminatoria,2
intolerante,2
aisladas,2
relegadas,2
básicos,2
abastecimiento,2
estable,2
verán,2
provocar,2
musk,2
estacional,2
remarca,2
aéreos,2
vuelos,2
inicuos,2
merecen,2
desilusionado,2
aburrido,2
virtual,2
respecta,2
inequidad,2
aplicarse,2
eligiendo,2
advertencia,2
tratamos,2
advirtiendo,2
yeadon,2
mike,2
ampliación,2
educativas,2
implementación,2
compensen,2
garantizar,2
neoliberal,2
votan,2
recompensas,2
cañas,2
críticamente,2
controversia,2
vacunado,2
cena,2
gubernamental,2
enfermos,2
implicar,2
estratégica,2
aspecto,2
billetes,2
negando,2
perdón,2
crimen,2
metas,2
ejecutivo,2
omisiones,2
insiste,2
reportado,2
triple,2
numero,2
otoño,2
conecta,2
schillaci,2
fraude,2
permitirá,2
aportó,2
organizaciones,2
conectados,2
moral,2
mexicano,2
entendido,2
haikyuu,2
particularmente,2
tiktok,2
episodios,2
edits,2
piensa,2
chamán,2
inyectarse,2
explícitamente,2
completado,2
perdió,2
reclamando,2
ayudó,2
desarrollando,2
aislaba,2
burbuja,2
encontraron,2
pareja,2
experimentados,2
diferencial,2
marcaría,2
brasileña,2
local,2
moneda,2
desvalorización,2
personalmente,2
entretenerse,2
reales,2
deportiva,2
produjo,2
llevaría,2
obstáculos,2
adquisición,2
invita,2
alcanzar,2
maneja,2
contrastar,2
ocasionar,2
irá,2
pobres,2
entiendan,2
sala,2
ocultado,2
sheinbaum,2
informaciones,2
eco,2
candidaturas,2
premiándose,2
oeneges,2
exorbitantes,2
destinándolos,2
abusando,2
revelaciones,2
sarcástica,2
transmitirse,2
votación,2
salieron,2
reconocido,2
pd,2
centrodestra,2
afirmativo,2
voto,2
aprobaron,2
posticipos,2
criticar,2
salarios,2
italiana,2
federación,2
previa,2
recuperar,2
rezago,2
instable,2
conocíamos,2
gato,2
nefasto,2
desaparecer,2
estructura,2
revisar,2
tal,2
prepotente,2
sugerencias,2
penal,2
sacar,2
colón,2
técnico,2
mejoramiento,2
zona,2
integración,2
servir,2
reincorporación,2
vaya,2
argentino,2
rodean,2
incertidumbres,2
mantengan,2
incentivar,2
simpatías,2
ideado,2
ruiz,2
reverendo,2
adversidades,2
lucrarse,2
campesinos,2
polacos,2
holocausto,2
banalización,2
desprotegidos,2
luis,2
inferiores,2
impiden,2
recesión,2
vivirá,2
alertado,2
fmi,2
pymes,2
dicha,2
reapertura,2
referido,2
lanzadas,2
salvini,2
abusos,2
abandonar,2
cita,2
inusual,2
imponerles,2
asignados,2
decretos,2
violación,2
frivolidad,2
comida,2
organizaban,2
relevantes,2
encerraban,2
resume,2
estructurantes,2
nefastas,2
reflexionar,2
interpretado,2
historias,2
contado,2
prórroga,2
manifestó,2
proroga,2
cámara,2
profundos,2
óbito,2
gasometrias,2
uti,2
doctores,2
duros,2
amanda,2
maliciosos,2
screening,2
estilos,2
implicaciones,2
apoyaba,2
aires,2
presupuestos,2
opone,2
otorgó,2
terra,2
títulos,2
método,2
consorcio,2
stf,2
boicote,2
dejada,2
maldita,2
herencia,2
remedio,2
aprovechandose,2
farmacéuticas,2
compañías,2
anime,2
descubrió,2
produjeron,2
entes,2
observado,2
impagables,2
deudas,2
acumulando,2
nacer,2
vino,2
objectivos,2
anillo,2
armados,2
conflictos,2
climático,2
dedo,2
establecen,2
contradicción,2
prepararse,2
aburrimiento,2
variados,2
incorrectas,2
evaluaciones,2
aquello,2
infraestructuras,2
identificar,2
salido,2
coherencia,2
vive,2
legales,2
saturación,2
fentanilo,2
enfermería,2
ensenada,2
banco,2
paterna,2
migrante,2
libertades,2
profundas,2
presupuestarios,2
disfruta,2
lujoso,2
actuando,2
defendidas,2
tregua,2
desvío,2
presunto,2
criminales,2
pudiera,2
alex,2
amenazante,2
sale,2
contagiosa,2
globales,2
mencionado,2
acudió,2
esperado,2
enterarse,2
reacciona,2
esperanzas,2
experimentaban,2
párrafo,2
último,2
colmo,2
álbum,2
experimentan,2
fobia,2
leer,2
alegres,2
bangbangcon,2
experimentó,2
contundentes,2
actuado,2
totalmente,2
propicia,2
comparaciones,2
validado,2
medicamento,2
alternativas,2
lucrar,2
bienes,2
destrucción,2
utilizarlo,2
excesivo,2
acida,2
ineficaz,2
vendió,2
comparada,2
exagerada,2
infundada,2
deficiencia,2
entonces,2
aparecido,2
interpretada,2
trampas,2
caer,2
reduce,2
manipulando,2
opera,2
disfrutaba,2
tiktoks,2
publicaba,2
capitalista,2
inconveniencias,2
arruinado,2
cumplió,2
puesta,2
envidia,2
adicciones,2
drogas,2
consumo,2
murieron,2
acceder,2
confundidos,2
quiebra,2
interjet,2
desviar,2
aerolínea,2
determinados,2
interpreta,2
mst,2
tierra,2
estrictos,2
afines,2
laxos,2
sufren,2
ocupaciones,2
parámetros,2
dobles,2
mbl,2
previsión,2
respaldados,2
dichas,2
resignadas,2
desesperadas,2
brechas,2
mencionada,2
recuperarse,2
injustas,2
aliexpress,2
tuitera,2
acarreado,2
melonibugiarda,2
irritación,2
desembarques,2
activar,2
insulto,2
ministra,2
valentía,2
giuseppe,2
conservar,2
constitucionales,2
prd,2
pasión,2
caza,2
dedicación,2
lula,2
elegido,2
arrepentimiento,2
supuesto,2
indígenas,2
genocidio,2
democracia,2
regulaciones,2
referirse,2
irónico,2
sarcástico,2
emplea,2
respetar,2
shoppe,2
allanado,2
pedido,2
plataformas,2
dignidad,2
moda,2
regularización,2
venta,2
calumniadores,2
dejó,2
apuntando,2
significativas,2
subidas,2
caídas,2
mercados,2
relaciones,2
solían,2
humanas,2
desaprovechado,2
mitigar,2
compartidos,2
risas,2
besos,2
abrazos,2
tributarias,2
injusto,2
compradores,2
procedimiento,2
condicional,2
utilizan,2
permitiéndoles,2
dinac,2
acusados,2
sanción,2
posteriormente,2
provisto,2
desproporcionado,2
frío,2
corruptos,2
simboliza,2
adicional,2
llevando,2
ferrovial,2
prometedor,2
boe,2
prosperidad,2
cuyo,2
humano,2
prosperar,2
reducimos,2
huella,2
motivador,2
dnu,2
correspondientes,2
levantando,2
optimistas,2
soledad,2
tristezas,2
esperanzadores,2
interacción,2
informadas,2
diversos,2
judiciales,2
fracasar,2
rendir,2
engessando,2
fallecidas,2
calor,2
avanzando,2
pesados,2
clave,2
abierta,2
violado,2
incierta,2
mentira,2
terror,2
roberto,2
ingeniería,2
hueso,2
crean,2
tornado,2
terminada,2
dió,2
arzú,2
paga,2
informe,2
irresponsabilidad,2
elegible,2
electo,2
trimestre,2
acontecimientos,2
centro,2
polonia,2
montadoras,2
agresión,2
bajas,2
escena,2
recordándonos,2
vehículos,2
ligeros,2
contratar,2
motiva,2
popular,2
disco,2
instituciones,2
intencionada,2
internos,2
sistemas,2
abandonadas,2
quedado,2
janeiro,2
do,2
favelas,2
financieras,2
empresariales,2
exonerar,2
consenso,2
restaurar,2
túnel,2
viajar,2
mejorado,2
hospitalarios,2
continuo,2
andalucía,2
lujosa,2
benefició,2
muni,2
gabinete,2
cínica,2
mejorarla,2
dictadura,2
grabar,2
solitaria,2
melancólico,2
ateez,2
exige,2
exposición,2
battaglia,2
letizia,2
capolavoros,2
mostra,2
ministerio,2
mentiras,2
posicionó,2
probada,2
científicamente,2
cloroquina,2
recetaran,2
bolsonaristas,2
suerte,2
fracasó,2
mauricio,2
gritar,2
permitía,2
castañuelas,2
cantar,2
tutorial,2
siguieron,2
show,2
fuerzas,2
unir,2
relajado,2
alienta,2
mejorarán,2
pondrá,2
objetividad,2
permitiendo,2
olvidada,2
avlo,2
quiere,2
alvia,2
cicatrices,2
euromed,2
créditos,2
subsidie,2
récord,2
intercity,2
utilidades,2
privada,2
cansado,2
promulgada,2
recomendaciones,2
convertir,2
patrocinadores,2
motivos,2
cuestionar,2
querido,2
partida,2
tristes,2
inesperados,2
dañar,2
buscan,2
sofocado,2
permisos,2
móvil,2
invitación,2
sanziones,2
ineptitud,2
retrasada,2
autónomo,2
ayuso,2
presidenta,2
trenes,2
asignada,2
ganan,2
liberados,2
pacífico,2
aterroristas,2
terremotos,2
enorgullece,2
taylor,2
psoe,2
socialista,2
pobre,2
español,2
usarlo,2
ilegítimos,2
ave,2
exministro,2
apertado,2
abrazo,2
proporcionaron,2
arte,2
reunir,2
confraternizar,2
lazos,2
santo,2
externo,2
organismo,2
anónimo,2
heroísmo,2
entregan,2
sacrificios,2
explicando,2
combatiendo,2
terribles,2
irregularidades,2
procesar,2
telefónico,2
acoso,2
multas,2
refinanciamientos,2
abusiva,2
aprovechándose,2
justo,2
consumidores,2
calificado,2
minimizar,2
permitiera,2
vean,2
amenidad,2
factores,2
entran,2
similar,2
influyente,2
parezca,2
decidir,2
largas,2
cerca,2
agresividad,2
ataques,2
ferro,2
cuba,2
incrementado,2
destruir,2
oponerse,2
revolución,2
cubana,2
encarcelado,2
castillo,2
gonzalo,2
mientas,2
dominicano,2
excluyendo,2
fastidio,2
allegado,2
nopudieronnipodrán,2
seriamente,2
criticada,2
deportivo,2
pasadas,2
entrenaba,2
elecciones,2
afecto,2
héroe,2
beneficien,2
apoyaron,2
contando,2
viene,2
mejorará,2
fe,2
lograrlo,2
parálisis,2
forzada,2
derrumbe,2
ayuden,2
destinarlo,2
emplearse,2
despilfarro,2
absurdos,2
brindada,2
mx,2
conacyt,2
agradece,2
sol,2
portugués,2
extrovertida,2
responsabilizado,2
previos,2
yatrogenia,2
practicó,2
farmacéutica,2
digitales,2
resentidos,2
convertido,2
estancamiento,2
ocultó,2
complicidad,2
caridad,2
lira,2
juan,2
vivida,2
vivió,2
refleje,2
viendo,2
reflejaría,2
digital,2
desafiante,2
surgir,2
demostrar,2
invitada,2
institución,2
perjudicar,2
gomez,2
selena,2
limitados,2
naturales,2
medioambiente,2
necesaria,2
temporal,2
lujo,2
ático,2
elevado,2
incurrido,2
notar,2
estudiante,2
impuesta,2
levemente,2
afectar,2
construyan,2
extramortalidad,2
concierto,2
costado,2
construir,2
alberto,2
condesa,2
ilegalidades,2
plaza,2
sugestiona,2
cantidades,2
sanitario,2
deporte,2
albergaba,2
finalice,2
pondría,2
dineros,2
edificio,2
demolición,2
alteró,2
narco,2
robarse,2
esteesmipaís,2
cuándo,2
baile,2
gráfico,2
producidas,2
decidiera,2
librerías,2
habiéndole,2
entregadas,2
rentas,2
yendo,2
resentimientos,2
viviendas,2
animadas,2
cinematográfica,2
citada,2
obtiene,2
satisfactoriamente,2
películas,2
obtenido,2
ilegítimo,2
otorgado,2
suma,2
taquilla,2
enumeración,2
superado,2
mario,2
istat,2
suposición,2
super,2
contrasta,2
usadas,2
responder,2
media,2
juntas,2
propiedades,2
vínculo,2
material,2
obtuvo,2
comentó,2
interrogantes,2
jornada,2
memes,2
twitter,2
patrones,2
detalle,2
aborto,2
evidenció,2
dirigente,2
recuento,2
provocados,2
aprendieron,2
gastaron,2
desata,2
hipnotizar,2
específica,2
manual,2
atacadas,2
desventaja,2
acuerdos,2
entrar,2
fabricada,2
exagerado,2
antrax,2
movilización,2
representar,2
consciencia,2
biológicas,2
suceder,2
buscando,2
disney,2
vigente,2
junio,2
tapar,2
delitos,2
individuales,2
corrupta,2
pesadez,2
funk,2
distracción,2
disminuye,2
incomprensión,2
derogar,2
divertidos,2
curva,2
exista,2
aznar,2
marrano,2
vivimos,2
tampoco,2
mafia,2
gifs,2
legal,2
cuáles,2
indican,1
john,1
arm,1
liberado,1
mccain,1
retraso,1
ganando,1
steele,1
atribuyen,1
documentos,1
sabía,1
amr,1
narrativa,1
lleve,1
dossier,1
antimicrobianos,1
filtrado,1
apasionada,1
exclamación,1
desea,1
morir,1
macrista,1
estrellado,1
aun,1
enojado,1
insostenible,1
mencionadas,1
diciendo,1
trabaja,1
disfrutando,1
trabajan,1
contiguos,1
carriles,1
sustancial,1
verdes,1
ejes,1
contaminantes,1
sirve,1
proponía,1
regalar,1
existido,1
modelo,1
selic,1
música,1
explora,1
suiza,1
recomienda,1
cepas,1
funcionan,1
blog,1
esparcen,1
cathy,1
sultan,1
desalentada,1
fbi,1
abuso,1
implantarse,1
agradeciendo,1
énfasis,1
sufre,1
desgracia,1
parís,1
instando,1
canción,1
aman,1
sanciones,1
introdujo,1
watch,1
llevada,1
ocasionada,1
cruza,1
placenta,1
cerebro,1
corrianvirus,1
solucionados,1
ataque,1
comenzara,1
celular,1
partir,1
bastante,1
retracción,1
certezas,1
poca,1
preguntándose,1
centra,1
disminuyendo,1
plenamente,1
actor,1
daniel,1
henney,1
contribuyendo,1
donaciones,1
confusiones,1
recibidas,1
comentario,1
boris,1
conducir,1
johnson,1
licencia,1
descubrimiento,1
prestigiosa,1
discontinuación,1
religioso,1
contribuyeron,1
chismes,1
enumera,1
repercuciones,1
comentar,1
falla,1
estableciendo,1
epidemiólogos,1
ad,1
hoc,1
contar,1
estándares,1
baratos,1
expensas,1
beber,1
siguiente,1
amlo,1
economistas,1
iberdrola,1
medicinales,1
sars,1
preferente,1
anticiparon,1
mencionando,1
líneas,1
saudades,1
celulares,1
indetectable,1
tolerará,1
abiertamente,1
cometió,1
renovar,1
emitida,1
profundamente,1
aplicando,1
hindu,1
disconformidad,1
celebró,1
fiesta,1
bebida,1
omisión,1
presunta,1
elaborar,1
alegrando,1
lectores,1
suelen,1
siete,1
industrializados,1
requerir,1
desaparición,1
perjudicial,1
reconsiderando,1
constructiva,1
sostiene,1
recaudación,1
trimestres,1
inversores,1
huelga,1
bancos,1
radical,1
satisfacer,1
crecientes,1
falló,1
señalamiento,1
declive,1
estafa,1
ofrecen,1
registradas,1
seicho,1
ie,1
espirituales,1
eiichi,1
shibusawa,1
nerd,1
japonés,1
regulada,1
ineficaces,1
administrada,1
síntoma,1
sólo,1
financiar,1
infografía,1
asociado,1
universidades,1
cerraron,1
puertas,1
cancelaron,1
presenciales,1
unen,1
presentar,1
colectiva,1
desgarradora,1
comparar,1
quemados,1
vivos,1
necesitaba,1
guiando,1
debemos,1
médica,1
contaminación,1
suscitan,1
mezcla,1
apreciación,1
seis,1
ahí,1
doramas,1
extremadamente,1
salen,1
conducido,1
instintos,1
entusiasmado,1
asesinato,1
desagradables,1
deposita,1
encontrarse,1
producido,1
inspiración,1
bruta,1
antigua,1
padre,1
prehistórica,1
ayudaría,1
culpabilidad,1
permitieron,1
castigados,1
asia,1
parados,1
grado,1
cierto,1
malentendidos,1
provocan,1
bulos,1
desinformar,1
merecería,1
alguno,1
pagado,1
monto,1
inactividad,1
desprecio,1
prevalencia,1
percepciones,1
colombianos,1
parques,1
santiago,1
artistas,1
subido,1
cine,1
revista,1
oír,1
publicar,1
fiable,1
retorno,1
llorar,1
reacio,1
sonreír,1
improvisadas,1
decido,1
indiferencia,1
ajuntament,1
trauma,1
caçar,1
desconsolada,1
lentitud,1
entrega,1
guardia,1
dengue,1
penales,1
retrasó,1
edición,1
positivismo,1
libro,1
inspirando,1
horario,1
descrita,1
vividos,1
cumple,1
preocupaciones,1
miedos,1
conciertos,1
surgidos,1
gastar,1
posteriores,1
impactado,1
constante,1
cariñosa,1
esforzado,1
solidarizarse,1
lamentablemente,1
sombrío,1
necesariamente,1
broma,1
dirigida,1
menores,1
sueldo,1
traducido,1
enfermeros,1
delictivos,1
significó,1
lograra,1
reducirla,1
similares,1
cuatro,1
solucionarla,1
cortar,1
muestras,1
curación,1
apropiada,1
lecciones,1
enseñando,1
sintetiza,1
negro,1
asociar,1
patacón,1
desinfló,1
merma,1
difundir,1
sorprendente,1
prada,1
extendiera,1
maestra,1
desaprobación,1
estatal,1
romper,1
protestar,1
anduviera,1
barbijos,1
paseo,1
priorizaron,1
centrarse,1
delicada,1
quemar,1
mayorista,1
periodista,1
indignas,1
habitual,1
presentado,1
trastornos,1
bondis,1
frecuencia,1
protestando,1
pasajes,1
sufrimientos,1
indiferente,1
adaptar,1
circulando,1
rondas,1
criticaba,1
aportar,1
aumentada,1
reborn,1
raiva,1
enriquecerse,1
interesados,1
usarla,1
queja,1
presión,1
productores,1
estallido,1
solventar,1
modernidad,1
comentado,1
tradición,1
acogiendo,1
esperanzada,1
concluyendo,1
reforzando,1
sienta,1
tradicional,1
moderno,1
alentada,1
drásticamente,1
jugarse,1
obligó,1
ciberseguridad,1
padres,1
planteó,1
retrasos,1
pase,1
observar,1
surgirá,1
incorpora,1
expire,1
levanta,1
rico,1
realizada,1
argumentando,1
descenso,1
asistencia,1
desgaste,1
humilde,1
callarse,1
obedecer,1
harán,1
sonrisa,1
sobrecarga,1
alcanzados,1
labios,1
gobernado,1
muchísimo,1
refugiados,1
sostienen,1
preservando,1
vagabundada,1
ciertamente,1
atravesar,1
impactada,1
hongos,1
vio,1
naciera,1
sobrepoblados,1
crecer,1
alega,1
dándole,1
dejaran,1
excusa,1
mejorarlo,1
uñas,1
denunciar,1
significado,1
comparándola,1
autonomías,1
invertidos,1
aumentó,1
superan,1
implicadas,1
saludable,1
dedica,1
intervenir,1
violentas,1
representación,1
sánchez,1
pedro,1
sirios,1
incluir,1
induce,1
personifica,1
papa,1
francisco,1
vincularon,1
cruel,1
wheels,1
hot,1
odio,1
advertir,1
sexta,1
graff,1
censurados,1
perseguidos,1
decepcionado,1
mejore,1
ridiculizada,1
interactuar,1
finalmente,1
boicotear,1
recientemente,1
retrocediendo,1
prohibió,1
janssen,1
trombosis,1
escrito,1
desgoverno,1
malvada,1
agrava,1
nula,1
seguros,1
pesado,1
comerciales,1
inapropiadas,1
popularidad,1
bahía,1
generaría,1
emplear,1
desean,1
risa,1
key,1
generalizado,1
humillación,1
toman,1
propagarse,1
ignoran,1
facilidad,1
deficientes,1
exacerbando,1
demonizando,1
comportamientos,1
aire,1
recortando,1
inhumana,1
colapso,1
resultantes,1
prematuro,1
suecia,1
mamíferos,1
acabar,1
masa,1
incompetencia,1
experimenta,1
presentación,1
ariana,1
lady,1
gaga,1
realizaron,1
pequeña,1
lamentable,1
gesto,1
nulo,1
aliento,1
panorama,1
testagem,1
aliviar,1
demócrata,1
injusta,1
botar,1
aplicadas,1
requieren,1
bloqueos,1
males,1
auditados,1
aviar,1
construcción,1
sueño,1
enriquecedora,1
deberíamos,1
compañeras,1
contrarrestar,1
símbolo,1
lograda,1
suelden,1
bovespa,1
queda,1
apartarse,1
ocluir,1
parlamentaria,1
temen,1
den,1
exasperación,1
premisa,1
anunciar,1
negligencias,1
important,1
descanso,1
rendido,1
horarios,1
fallas,1
cuidados,1
teléfonos,1
deber,1
mismos,1
llegue,1
instagram,1
retrospectivas,1
buscarlo,1
cariño,1
procedimientos,1
código,1
vinculó,1
llena,1
flags,1
six,1
seriedad,1
requerido,1
abordarla,1
qr,1
destino,1
recaudados,1
atacando,1
utilización,1
querétaro,1
deseos,1
manifestado,1
cultural,1
republicana,1
iniciar,1
austeridad,1
invertido,1
américa,1
recuperado,1
mostrado,1
verlo,1
videos,1
aquí,1
creados,1
desestimando,1
pfizer,1
preparada,1
venideros,1
hostil,1
desconoce,1
impuso,1
programó,1
comirnaty,1
deseaba,1
agradecer,1
generará,1
beneficios,1
obtenida,1
ideología,1
establecer,1
descuento,1
prioridad,1
lgbt,1
preocupado,1
vienen,1
contento,1
supremacía,1
reactive,1
arce,1
impedimentos,1
hisopado,1
ministros,1
cultura,1
comunitaria,1
san,1
miguel,1
allende,1
bahianos,1
trasladarse,1
desinterés,1
frustrada,1
movilidad,1
limitación,1
enviado,1
percibido,1
prometió,1
convierta,1
restringivas,1
cumpliendo,1
deberes,1
samarios,1
entrevistados,1
deterioro,1
involucradas,1
cruceros,1
anhela,1
cadena,1
torres,1
hartazgo,1
laura,1
adopción,1
necesario,1
dias,1
cantón,1
pago,1
test,1
existente,1
alentadora,1
deseadas,1
pp,1
aforo,1
límites,1
cero,1
dispara,1
cubrebocas,1
sanitarios,1
negociar,1
pasan,1
recortar,1
incrédula,1
enfermando,1
manipulado,1
dieta,1
justificar,1
estrategias,1
aves,1
cementerio,1
representando,1
interesado,1
energético,1
cansada,1
sillón,1
periodística,1
relato,1
prevenciones,1
búsqueda,1
iniciado,1
estricta,1
usen,1
abarrotados,1
bivalente,1
llora,1
perdidos,1
salto,1
atribuido,1
alarmantes,1
dejan,1
urgencia,1
voz,1
reconsidere,1
criticó,1
dudaban,1
benigno,1
asuntos,1
desequilibrado,1
inversiones,1
firmo,1
mucosa,1
garantizando,1
anima,1
desalentar,1
intentan,1
académicas,1
financiación,1
producen,1
rigurosas,1
dictatoriales,1
dura,1
denuncias,1
demandas,1
actualidad,1
llegó,1
satisfactoria,1
alcalde,1
middlesbrough,1
desoyó,1
director,1
ordenó,1
pinchazo,1
inservibles,1
antídotos,1
monoclonal,1
invertir,1
organizar,1
patrocinada,1
incidentes,1
precisos,1
implican,1
curado,1
sola,1
tableta,1
desacertada,1
vista,1
detendrá,1
simplemente,1
hoteles,1
apropiadamente,1
descuentos,1
mecánica,1
valle,1
katmandú,1
hablan,1
acusarlo,1
declarándola,1
llenó,1
erradicar,1
animando,1
lidl,1
vecinas,1
vecinos,1
dispositivos,1
arriesgados,1
kcr,1
hospitalizados,1
declarada,1
pronóstico,1
regresará,1
pertinente,1
mitigación,1
dedicarse,1
multitudes,1
anteriormente,1
pensadas,1
ion,1
zn,1
inhibir,1
rna,1
arterivirus,1
obtenidos,1
autopsia,1
vacunados,1
paciente,1
bloqueando,1
temprano,1
promedio,1
hombres,1
priorizar,1
defendiendo,1
est,1
recomendando,1
nutrición,1
compromete,1
bolivariano,1
invesitgando,1
reencontrarse,1
voluntades,1
rutas,1
frecuencias,1
someter,1
subjugar,1
correteos,1
vías,1
bloques,1
carnaval,1
conductas,1
alarmante,1
afectuoso,1
posibilidades,1
desafortunadamente,1
club,1
indicadores,1
distanciamientos,1
usarán,1
determinar,1
durado,1
verdadero,1
chistes,1
padecimiento,1
afectación,1
residencias,1
culpabiliza,1
viaje,1
subrayar,1
votando,1
extendida,1
preocupándose,1
accidentes,1
vagabundagem,1
evitado,1
presidencial,1
mandatario,1
inclusión,1
desalienta,1
demoniza,1
atribuyéndoles,1
vacina,1
fallo,1
vestido,1
rechaza,1
inesperada,1
inglaterra,1
registrandorécords,1
burgos,1
particular,1
metáfora,1
elcinenosedetiene,1
sostenibilidad,1
ayudando,1
comparan,1
basado,1
falsas,1
delicado,1
barbijo,1
factor,1
orleans,1
project,1
next,1
gen,1
escándalos,1
terrible,1
aspen,1
medical,1
escasos,1
emergencial,1
recuperadas,1
escuchado,1
navidad,1
revisadas,1
pares,1
febrero,1
mostraban,1
reagan,1
década,1
oscuras,1
sirenas,1
morgue,1
carpas,1
hospital,1
obesidad,1
piense,1
dañino,1
honesto,1
asunto,1
restricción,1
incorrecta,1
drama,1
trajo,1
preocupa,1
desolador,1
corrompida,1
denigrado,1
traerá,1
negativamente,1
cpi,1
subiendo,1
circo,1
cenário,1
encubiertos,1
auxilio,1
voluntario,1
recopilación,1
nominado,1
honor,1
nominación,1
rapidez,1
enfermas,1
acudiendo,1
